{
    "venn_diagram_set": [],
    "overall": {
        "precision": [
            0.5154915891423474,
            0.5101167929292929,
            0.49558080808080807,
            0.49189078465394254,
            0.6830459770114943,
            0.6418478260869566,
            0.5596117424242424,
            0.5639092295957284,
            0.495235080200013,
            0.46319444444444446
        ],
        "recall": [
            0.4867931143192591,
            0.5207544191919191,
            0.49905303030303033,
            0.47925420168067223,
            0.5790794853294853,
            0.6231049635831851,
            0.5912698412698413,
            0.6003914386267327,
            0.47178995972099425,
            0.4500663680106189
        ],
        "fscore": [
            0.46611842105263157,
            0.5139527717652718,
            0.44153491436100134,
            0.4705699855699856,
            0.6076609793715056,
            0.6315840418899858,
            0.5376344086021505,
            0.5798925130608299,
            0.4723921641329873,
            0.4565273481162861
        ]
    },
    "api": {},
    "so": {
        "precision": [
            0.5154915891423474,
            0.5101167929292929,
            0.49558080808080807,
            0.49189078465394254,
            0.6830459770114943,
            0.6418478260869566,
            0.5596117424242424,
            0.5639092295957284,
            0.495235080200013,
            0.46319444444444446
        ],
        "recall": [
            0.4867931143192591,
            0.5207544191919191,
            0.49905303030303033,
            0.47925420168067223,
            0.5790794853294853,
            0.6231049635831851,
            0.5912698412698413,
            0.6003914386267327,
            0.47178995972099425,
            0.4500663680106189
        ],
        "fscore": [
            0.46611842105263157,
            0.5139527717652718,
            0.44153491436100134,
            0.4705699855699856,
            0.6076609793715056,
            0.6315840418899858,
            0.5376344086021505,
            0.5798925130608299,
            0.4723921641329873,
            0.4565273481162861
        ]
    },
    "git": {},
    "misc": {}
}