{
    "venn_diagram_set": [],
    "overall": {
        "precision": [
            0.4910714285714286,
            0.5,
            0.5420918367346939,
            0.5625,
            0.5541871921182266,
            0.5,
            0.6077586206896552,
            0.5,
            0.5,
            0.5
        ],
        "recall": [
            0.430977229601518,
            0.4230769230769231,
            0.6018518518518519,
            0.5516129032258065,
            0.6617647058823529,
            0.4111111111111111,
            0.7016129032258065,
            0.4318181818181818,
            0.4420289855072464,
            0.43209876543209874
        ],
        "fscore": [
            0.4589722894807641,
            0.4583333333333333,
            0.5472197705207414,
            0.5555555555555556,
            0.5555555555555556,
            0.45121951219512196,
            0.6333333333333333,
            0.46341463414634143,
            0.4692307692307693,
            0.4635761589403974
        ]
    },
    "api": {},
    "so": {},
    "git": {
        "precision": [
            0.4910714285714286,
            0.5,
            0.5420918367346939,
            0.5625,
            0.5541871921182266,
            0.5,
            0.6077586206896552,
            0.5,
            0.5,
            0.5
        ],
        "recall": [
            0.430977229601518,
            0.4230769230769231,
            0.6018518518518519,
            0.5516129032258065,
            0.6617647058823529,
            0.4111111111111111,
            0.7016129032258065,
            0.4318181818181818,
            0.4420289855072464,
            0.43209876543209874
        ],
        "fscore": [
            0.4589722894807641,
            0.4583333333333333,
            0.5472197705207414,
            0.5555555555555556,
            0.5555555555555556,
            0.45121951219512196,
            0.6333333333333333,
            0.46341463414634143,
            0.4692307692307693,
            0.4635761589403974
        ]
    },
    "misc": {}
}