{
    "venn_diagram_set": [],
    "overall": {
        "precision": [
            0.6997804362601419,
            0.6547348484848485,
            0.49558080808080807,
            0.5603431656063236,
            0.6370689655172415,
            0.6695652173913044,
            0.5596117424242424,
            0.8277879481311977,
            0.5094680223990569,
            0.5548611111111111
        ],
        "recall": [
            0.6040842283776144,
            0.777304292929293,
            0.49905303030303033,
            0.5477065826330532,
            0.5410924723424723,
            0.6570145380512702,
            0.5912698412698413,
            0.8043614881850175,
            0.6397386776697122,
            0.5693075604225429
        ],
        "fscore": [
            0.5861293859649124,
            0.6659182320947027,
            0.44153491436100134,
            0.5390223665223666,
            0.5663015712357817,
            0.6620499917107744,
            0.5376344086021505,
            0.7984405583415484,
            0.4975457739640165,
            0.5599958960292785
        ]
    },
    "api": {},
    "so": {
        "precision": [
            0.6997804362601419,
            0.6547348484848485,
            0.49558080808080807,
            0.5603431656063236,
            0.6370689655172415,
            0.6695652173913044,
            0.5596117424242424,
            0.8277879481311977,
            0.5094680223990569,
            0.5548611111111111
        ],
        "recall": [
            0.6040842283776144,
            0.777304292929293,
            0.49905303030303033,
            0.5477065826330532,
            0.5410924723424723,
            0.6570145380512702,
            0.5912698412698413,
            0.8043614881850175,
            0.6397386776697122,
            0.5693075604225429
        ],
        "fscore": [
            0.5861293859649124,
            0.6659182320947027,
            0.44153491436100134,
            0.5390223665223666,
            0.5663015712357817,
            0.6620499917107744,
            0.5376344086021505,
            0.7984405583415484,
            0.4975457739640165,
            0.5599958960292785
        ]
    },
    "git": {},
    "misc": {}
}